,2_1 - Inside Sales - Sales Insight
AEAckDetailPageControllerTest,enabled=false
AEAckErrorController,enabled=false
AEAckErrorControllerTest,enabled=false
AEAckUploadPageController,enabled=false
AEAckUploadPageControllerTest,enabled=false
AEAcknowledgementDetailPageController,enabled=true
AEAcknowledgementTest,enabled=false
AEAcknowledgementTriggerHandler_AC,enabled=false
AE_Backup_AssignmentController,enabled=false
AE_Backup_AssignmentControllerTest,enabled=false
APTPSHelper,enabled=true
APTPSHelper_Test,enabled=true
APTPSNDA_CadenceEmployees,enabled=true
APTPSSUBMITREQUEST,enabled=true
APTPSSUBMITREQUEST_Test,enabled=true
APTPS_APAC_India_User_Name_Contrler_Test,enabled=true
APTPS_APAC_India_User_Names_Controller,enabled=true
APTPS_AuthorizedEmployeesTrigger_Test,enabled=false
APTPS_EMEA_Or_EUII_UserNames_Controller,enabled=true
APTPS_EMEA_Or_EUII_UserNme_Contrler_Test,enabled=true
APTPS_IPG_OM_Team_User_Names_Controller,enabled=true
APTPS_IPG_OM_Team_Usr_Name_Contrler_test,enabled=true
APTPS_Japan_User_Names_Contrler_Test,enabled=true
APTPS_Japan_User_Names_Controller,enabled=true
APTPS_NDA_DocumentUpload,enabled=true
APTPS_NDA_TestClass,enabled=true
APTPS_NorthAmerica_User_Names_Controller,enabled=true
APTPS_NorthAmrica_Usr_Nme_Contrller_TEST,enabled=true
APTPS_RefrigeratedEmployeesTrigger_Test,enabled=false
APTPS_SoftwarePage,enabled=true
APTPS_SoftwarePage_Partial_Test,enabled=false
APTPS_SoftwarePage_TempKey,enabled=true
APTSSoftwareHardwareDetails,enabled=true
APTS_AgreementLegalHandle_Test,enabled=true
APTS_AgreementLegalHandler,enabled=true
APTS_ApprovalHandler,enabled=true
APTS_ApprovalHandler_Test,enabled=true
APTS_CLLA_PARTIAL_TEST,enabled=false
APTS_ReportDataCalculation,enabled=true
APTS_TestDataFactory,enabled=true
APTS_TestDataFactoryTest,enabled=false
APTS_TriggerProccessControl,enabled=true
ARM_Access_End_Flow,enabled=true
ARM_Access_End_Flow_Test,enabled=false
ARM_ETAA_Refrigeration_Process,enabled=false
ARM_TRS_End_Flow,enabled=true
ARM_TRS_Refrigeration_Process,enabled=false
ARMauthorizedUsers,enabled=true
ARMauthorizedUsersTest,enabled=false
AR_BeforeDelete_TestClass,enabled=false
AccountAgreementListPage_AC,enabled=true
AccountAgreementListPage_Test,enabled=false
AccountCCPTriggerHandler_AC,enabled=true
AccountChannelTypeHelper,enabled=true
AccountContentTabController_AC,enabled=true
AccountDomainExtension_AC,enabled=false
AccountDomainTriggerHandler,enabled=false
AccountDomainUpdateBatchable_AC,enabled=false
AccountExecutiveHelperClass,enabled=true
AccountExecutiveHelperClass_Test,enabled=false
AccountGSSIdxChangeProcessController_AC,enabled=false
AccountMergeAssist,enabled=false
AccountMergeController,enabled=false
AccountMergeLogController,enabled=false
AccountMergeObjectStatus,enabled=false
AccountMergeSObjectSchedulable,enabled=false
AccountMergeSObjectUpdateBatchable,enabled=false
AccountRecordTypeHelper,enabled=false
AccountTeamBatch,enabled=true
AccountTeamBatchFixHandler,enabled=false
AccountTeamDelete_batch,enabled=false
AccountTeamNoBatch,enabled=false
AccountTeamTriggerHandler_AC,enabled=true
AccountTriggerHandler_AC,enabled=true
AccountTriggerUtility,enabled=true
Account_GSSIndex_Management,enabled=true
AccountupdateCustName,enabled=false
AddActivityHistoryTriggerHelper,enabled=false
AddEntitlementContactLookupExtension,enabled=false
AddEntitlementContactLookup_Test,enabled=false
AddJiraFileAttachmentsController,enabled=false
AddProducts,enabled=false
AdditionalProductWrapper,enabled=false
AdvancedSupportGroupsTriggerHandler_AC,enabled=false
AggregateResultIterable,enabled=false
AggregateResultIterator,enabled=false
AgreementActivateControllerNew,enabled=true
AgreementActivateControllerNew_Test,enabled=false
AgreementDetailController,enabled=false
AgreementDetailControllerTest,enabled=false
AgreementLineItems,enabled=false
AgreementLineItemsTest,enabled=false
Agreement_Add_Comments,enabled=false
Agreement_Add_Comments_Test,enabled=false
ApprovalCriteriaUtility,enabled=false
ApprovalHierarchyTriggerHandler_AC,enabled=true
Aptps_AgreementTypeSelection,enabled=true
Aptps_AgreementTypeSelection_Test,enabled=false
Aptps_LegacyNumbers,enabled=true
Aptps_LegacyNumbers_Test,enabled=true
AptsAgmtLineItemSubmitController,enabled=true
AptsAgmtLineItemSubmitControllerTest,enabled=true
AptsFileUploader,enabled=true
AptsProductManulaselection,enabled=true
Apts_CLLA,enabled=true
Apts_CLLA_Test,enabled=true
Apts_Cloning,enabled=false
Apts_Edit_CLLA,enabled=true
Apts_Edit_CLLA_Test,enabled=true
Apts_NDA,enabled=true
Apts_SoftwareTempKey,enabled=true
ApttusAgreementLineItemEmailHelper,enabled=true
ApttusAgreementLineItemEmailHelper_test,enabled=true
ApttusLegalTriggeringReasons,enabled=true
ApttusLegalTriggeringReasons_Test,enabled=false
ApttusUserSetupController,enabled=false
ApttusUserSetupController_Test,enabled=false
Apttus_AgreementTriggerHandler_AC,enabled=true
Apttus_AgreementTriggerHandler_AC_Test,enabled=true
Apttus_AgreementTrigger_AT_Test,enabled=false
Apttus_Agreement_Attachments_AC,enabled=true
Apttus_Agreement_Attachments_AC_Test,enabled=true
Apttus_Agreement_Attachments_Test,enabled=false
Apttus_Cancel_Request,enabled=true
Apttus_Cancel_Request_Test,enabled=false
Apttus_EditCountryRegionMapping,enabled=false
Apttus_EditRegionPreferencesController,enabled=false
ArticleAttachmentExtension_AC,enabled=false
ArticleAttachmentPortalController,enabled=false
ArticleClass,enabled=false
ArticleFeedbackAdditionalInfoController,enabled=false
ArticleFeedbackPopupController,enabled=false
ArticleFeedbackTriggerHandler_AC,enabled=false
ArticleFeedbackUtility,enabled=false
ArticleIntegrationRecordBatchable,enabled=false
ArticleQueuedTaskScheduler,enabled=false
ArticleQueuedTaskUtil,enabled=false
ArticleTriggerHandler_AC,enabled=false
ArticlesAdditionalDetailPageController,enabled=false
ArticlesProductController,enabled=false
AssignPermissionSetsController,enabled=false
AttachmentExtension_AC,enabled=false
AttachmentShareBatch,enabled=false
AttachmentTriggerHandler_AC,enabled=false
AuditLogComponent_AC,enabled=false
AutoFollowCasesBatch,enabled=false
BMCRF_Auto_Schedule_CR_Scheduler,enabled=true
BMCRF_CR_ScheduleNotification,enabled=false
BMCRF_ChangeRequestTrigger,enabled=true
BMCRF_Class_GLOBAL_CONSTANTS,enabled=false
BMCRF_Class_KnowledgeArticles,enabled=false
BMCRF_Class_KnowledgeArticlesDetail,enabled=false
BMCRF_Class_ListTickets,enabled=false
BMCRF_Class_MOT,enabled=false
BMCRF_Class_PendingSurveyList,enabled=false
BMCRF_Class_SubmitATicket,enabled=false
BMCRF_Class_ViewTickets,enabled=false
BMCRF_CreateIncidentEmail,enabled=false
BMCRF_FIN_Class_KnowledgeArticles,enabled=false
BMCRF_FIN_Class_KnowledgeArticlesDetail,enabled=false
BMCRF_FIN_Class_ListTickets,enabled=false
BMCRF_FIN_Class_MOT,enabled=false
BMCRF_FIN_Class_SubmitATicket,enabled=false
BMCRF_FIN_Class_ViewTickets,enabled=false
BMCRF_FormatDateTime,enabled=false
BMCRF_HD_Ticket_AllOperations,enabled=false
BMCRF_HR_Class_KnowledgeArticles,enabled=false
BMCRF_HR_Class_KnowledgeArticlesDetail,enabled=false
BMCRF_HR_Class_ListTickets,enabled=false
BMCRF_HR_Class_MOT,enabled=false
BMCRF_HR_Class_SubmitATicket,enabled=false
BMCRF_HR_Class_ViewTickets,enabled=false
BMCRF_IncidentAutoClose,enabled=false
BMCRF_IncidentAutoClose_CRPendingApprove,enabled=false
BMCRF_IncidentSLABreachNotification,enabled=false
BMCRF_Incident_Update_AC,enabled=false
BMCRF_NotifyPendingApprover_Controller,enabled=false
BMCRF_SRD_Popup,enabled=false
BMCRF_ScheduledDeleteAssets,enabled=false
BPRejectRecallMail,enabled=false
Bat_Delete_Acc_Team,enabled=false
Batch_Entitlement,enabled=false
Billing_Plan_CTE,enabled=false
BookingPackageSignatories,enabled=false
BookingPackageTriggerHandler,enabled=true
CCMS_CCRController_AC,enabled=false
CCRCreateURL,enabled=false
CCREditCCMSFieldsExtension_AC,enabled=false
CCRTriggerHandler_AC,enabled=false
COMM_Controller,enabled=false
COSAgreementPageController,enabled=false
COSAlertComponentController,enabled=false
COSCCRLinkViewController,enabled=false
COSCaseCreationController,enabled=false
COSCaseDetailController,enabled=false
COSCasesTranslation,enabled=false
COSEntitlementBatchProcess,enabled=false
COSFeedbackEmailComments,enabled=false
COSHeaderController,enabled=false
COSMonthlyContentNotifications,enabled=false
COSMyAlertController,enabled=false
COSProjectDetailController,enabled=false
COSRecentOrdersController,enabled=false
COSSoftUpdateNotifications,enabled=false
COSSoftwareUpdateModuleHelper,enabled=false
COSUserPreferenceNotificationHelper,enabled=false
COSUserPreferenceNotifications,enabled=false
COSUserPreferenceNotificationsCCR,enabled=false
COSUserPreferenceNotificationsNewProd,enabled=false
COSUserPreferenceNotifyEmailTemplates,enabled=false
COSViewJIRAController,enabled=false
COSViewRequestController,enabled=false
COSWeeklyContentNotifications,enabled=false
CadenceAPIResponse,enabled=false
CadenceAccChangeValidationStatus,enabled=false
CadenceAccChangeValidationStatusSchelr,enabled=false
CadenceAccSetValidation,enabled=false
CadenceAccValidationEmailNotifier,enabled=false
CadenceAccValidationEmailNotifierSchedu,enabled=false
CadenceAcvalRequiredScreenController,enabled=false
CadenceAdmChngValidStatusscheduler,enabled=false
CadenceAdmSynInactiveUsersWithScheduler,enabled=false
CadenceAdminAccValidationEmail,enabled=false
CadenceAdminAccValidationEmailScheduler,enabled=false
CadenceAdminApprovalRejectController,enabled=false
CadenceAdminBulkLoadcontroller,enabled=false
CadenceAdminChangeValidationStatus,enabled=false
CadenceAdminController,enabled=false
CadenceAdminCreateUser,enabled=false
CadenceAdminExceptionpagecontroller,enabled=false
CadenceAdminInactivateUser,enabled=false
CadenceAdminRoleUpdate,enabled=false
CadenceAdminSendErrorLogsInMailToAdmin,enabled=false
CadenceAdminSendErrorLogsMailScheduler,enabled=false
CadenceAdminSyncInactiveUsersWithCOS,enabled=false
CadenceAdminUserCreation,enabled=false
CadenceAdminUserValidationController,enabled=false
CadenceAppAdminProfileController,enabled=false
CadenceAppPWDSQAcontroller,enabled=false
CadenceAppProfileController,enabled=false
CadenceApplicationFGPWDController,enabled=false
CadenceApplicationRegController,enabled=false
CadenceApplicationhostrefScreenCtrl,enabled=false
CadenceAssociateEntitlementController,enabled=false
CadenceChangeLoginBatchProcess,enabled=false
CadenceChangeLoginReminderEmail,enabled=false
CadenceChangeLoginReminderEmailscheduler,enabled=false
CadenceChangeLoginRequest,enabled=false
CadenceChangeLoginscheduler,enabled=false
CadenceCosLoginController,enabled=false
CadenceDMLLogServiceController,enabled=false
CadenceEmailTemplates,enabled=false
CadenceEmailValidation,enabled=false
CadenceForgotPassSQAScreenController,enabled=false
CadenceLoginController,enabled=false
CadenceLoginHostidRefkeyController,enabled=false
CadenceMyProfileController,enabled=false
CadenceMyProfileController1,enabled=false
CadenceRESTService,enabled=true
CadenceRedirectController,enabled=false
CadenceRegCompletionController,enabled=false
CadenceRegistrationRequiredController,enabled=false
CadenceReportCompDicrepancyURLController,enabled=false
CadenceRestCallOutHandler,enabled=false
CadenceRestCalloutUtil,enabled=false
CadenceSupportLoginController,enabled=true
CadenceTestMockHttpResponseGenerator,enabled=false
CadenceTestMockHttpResponseGenerator1,enabled=false
CadenceUserValidationscheduler,enabled=false
CadenceUtilityClass,enabled=false
CadenceWikiDomainController,enabled=false
CaseArticleController,enabled=false
CaseAssignmentEngine_AC,enabled=false
CaseAutoStateTransitionScheduler,enabled=true
CaseClass,enabled=false
CaseCloseBatchable_AC,enabled=false
CaseCommentExtension_AC,enabled=false
CaseCommentTriggerHandler_AC,enabled=false
CaseDelayBatchable_AC,enabled=false
CaseDelaySchedulable_AC,enabled=false
CaseEmailPublisherHelper_AC,enabled=false
CaseEmailPublisher_AC,enabled=false
CaseExpertChangeController,enabled=false
CaseGenerateFileController,enabled=false
CaseGroupHelper,enabled=false
CaseMassAddCSV_AC,enabled=false
CaseMassFieldsUpdate_AC,enabled=false
CaseMassUpdate_AC,enabled=false
CaseNotificationController,enabled=false
CaseProductEditController,enabled=false
CaseProductEditExtension,enabled=false
CaseReassignGCCAllegroBatchable_AC,enabled=false
CaseReassignGCCAllegroSchedular_AC,enabled=false
CaseReassignNoOwnerBatchable_AC,enabled=false
CaseReassignNoOwnerSchedulable_AC,enabled=false
CaseSSGCloseBatchable_AC,enabled=false
CaseSSGCloseSchedulable_AC,enabled=false
CaseSendEmailService_AC,enabled=false
CaseSubscriptionBatch,enabled=false
CaseSubscriptionCCEmailsBatch,enabled=false
CaseSubscriptionEditExtension,enabled=false
CaseSubscriptionTriggerHandler_AC,enabled=false
CaseTriggerHandlerMockGenerator,enabled=false
CaseTriggerHandler_AC,enabled=false
CaseUtill,enabled=false
CaseUtillTest,enabled=false
Case_CDSInfo_Extensions,enabled=false
Case_SendEmail_Controller,enabled=false
ChangeOppOwnerExt_AC,enabled=true
ChangePasswordController,enabled=false
ChatbotEmailToChatter,enabled=true
ChatterBox_AC,enabled=true
CheckUserAgent,enabled=false
CloseChildCasesTriggerHelper_AC,enabled=false
CollabrationGroupMemberController,enabled=false
CommunitiesLandingController,enabled=false
CommunitiesLandingControllerTest,enabled=false
CommunitiesLoginController,enabled=false
CommunitiesLoginControllerTest,enabled=false
CommunitiesSelfRegConfirmController,enabled=false
CommunitiesSelfRegConfirmControllerTest,enabled=false
CommunitiesSelfRegController,enabled=false
CommunitiesSelfRegControllerTest,enabled=false
CommunitySearchCls,enabled=false
ComponentCCMSFieldEditController,enabled=false
ComponentLevelTrackingController_AC,enabled=false
ComponentProductEditController,enabled=false
ComponentProductEditControllerForCS,enabled=false
ConsultantComponentController,enabled=true
ConsultantTriggerHandler,enabled=false
ContactListController,enabled=false
ContactRelatedEntitlementList_AC,enabled=false
ContactTriggerHandler_AC,enabled=false
ContactsExportCls,enabled=false
ContentAccessListExtension,enabled=false
ContentAccessListSubPageController,enabled=false
ContentDocumentTriggerHandler_AC,enabled=true
ContentRecordController,enabled=true
ContentSlipAttachmentController,enabled=false
ContentSlipAttachmentControllerTest,enabled=false
ContentUtils_AC,enabled=true
ContentVersionTriggerHandler_AC,enabled=true
ContentfeedbackComponentController,enabled=false
CosArticleDetailPageController,enabled=false
CosExtSearchServiceController,enabled=false
CosFeedbackDetailPageController,enabled=false
CosMenuHeaderController,enabled=false
CosMenuHeaderControllerTest,enabled=false
CosSearchUtility,enabled=false
CreateAccountSiteBatch,enabled=false
CreateApprovalLinkForGoalLetter,enabled=true
CreateGoalLetterLinkController,enabled=true
CreateLegalCommitmentController,enabled=true
CreditAutomationCTRL,enabled=false
CustomAD_VPForecstExtension_AC,enabled=true
CustomAccTeamIterable,enabled=false
CustomAccTeamIterator,enabled=false
CustomAgreementLookupController,enabled=false
CustomAgreementNumbersLookupController,enabled=true
CustomAttachmentTriggerHandler_AC,enabled=true
CustomCaseQuickSearchController_AC,enabled=false
CustomContactLookupController,enabled=false
CustomCurrencyLookupController,enabled=false
CustomEmailTemplate,enabled=true
CustomEmailTemplateForRefTest,enabled=false
CustomEmailTemplateTest,enabled=true
CustomEmailTemplateforRef,enabled=false
CustomException,enabled=false
CustomForecastExtension_AC,enabled=true
CustomGSSTeamIterable,enabled=false
CustomIterable,enabled=false
CustomLookupController,enabled=false
CustomLookupController_Test,enabled=false
CustomLookupListExtension,enabled=false
CustomOpportunityLookupController,enabled=false
CustomOpportunityLookupController_Test,enabled=false
CustomQuoteOwnerLookupController,enabled=false
CustomReferenceKeyLookupController,enabled=false
CustomSFOForecastExtensions_AC,enabled=true
CustomWSFOForecastExtensions_AC,enabled=true
Custom_contactMerge_ext,enabled=false
CustomgssTeamIterator,enabled=false
DataFixTeamBatch,enabled=false
DatabaseUtility,enabled=false
DeleteAccountSitesBatch,enabled=false
DeleteAccountTeamScheduler,enabled=false
DeleteAccountTeamScheduler_Direct,enabled=false
DeleteBatchIntegrationLog,enabled=true
DeleteChildEntitlementContactBatch,enabled=false
DeleteDuplicateForecastBatch,enabled=false
DeleteDuplicateForecastBatchTest,enabled=false
DeleteNDAAuthorizedEmployee_AC,enabled=false
DeleteNDARefrigeratedEmployee_AC,enabled=false
Delete_TestDeleteCaseController_AC,enabled=false
DetailForecastIntermediateExtension_AC,enabled=true
DisableChatterDeleteVIP_AC,enabled=false
DisableDBEContactSchedulerUtil,enabled=false
Disable_DBE_Contact_Scheduler,enabled=false
DisplayArticleNewExtensionController,enabled=false
DocumentUtil,enabled=false
DocumentViewHelper,enabled=false
DocumentViewerController,enabled=false
E2E_Acc_Group_Setup_RequestController,enabled=false
EDACardTriggerHandler_AC,enabled=true
EOTIndexExceptionController,enabled=false
ER_AddNamesFlow,enabled=false
ER_AddNamesFlowTest,enabled=false
ER_Agreement_Email_NotificationTest,enabled=false
ER_DocumentUpload,enabled=false
ER_DocumentUploadTest,enabled=false
ER_Employee_TriggerTest,enabled=false
ER_RequestFlow,enabled=false
ER_RequestFlowTest,enabled=false
ER_UserAuthentication,enabled=false
EditLegalCommitmentController,enabled=true
EmailAndFeedReplyController,enabled=true
EmailAndFeedReplyControllerTest,enabled=false
EmailAndNotesController,enabled=true
EmailContentParser_AC,enabled=false
EmailMessageTriggerHelper,enabled=false
EmailNotificationCtrl,enabled=false
EmailPopUpCOSController,enabled=false
EmailSender,enabled=false
EmailToLogAlert,enabled=false
EmailTriggerHandler_AC,enabled=false
EntitlementContactTriggerHandler_AC,enabled=false
EntitlementProdFeatDetailsExtensions,enabled=false
EntitlementProductFeaturesController_AC,enabled=false
EntitlementTriggerHandler_AC,enabled=false
EntitlementUpdateBatchable_AC,enabled=false
ExceptionEdaOTIndex_AC,enabled=false
ExternalIdBatch,enabled=false
FastTrackApprovalController_AC,enabled=false
FeedCommentriggerHandler_AC,enabled=false
FeedItemTriggerHandler_AC,enabled=false
FeedItemsToDeleteTriggerHandler_AC,enabled=false
FeedbackCommentClass,enabled=false
FeedbackCommentExtension,enabled=false
Filer_AC,enabled=false
FindRecordController,enabled=false
Find_GSS_Account_Discrepancy,enabled=false
Find_Gss_SF_discrepancy,enabled=false
FollowCaseUtility,enabled=false
FollowingLimitTaskBatch,enabled=false
ForceFeedController,enabled=false
ForceFeedTestClass,enabled=false
ForecastAccountList_AC,enabled=false
ForecastHelper_AC,enabled=true
ForecastHieTriggerHandler_AC,enabled=false
ForecastReminderScheduleAsiaPacific,enabled=true
ForecastReminderScheduleEMEA,enabled=true
ForecastReminderScheduleIndia,enabled=true
ForecastReminderScheduleJapan,enabled=true
ForecastReminderScheduleNA1,enabled=true
ForecastReminderScheduleNA2,enabled=true
ForecastReminderScheduleUtil,enabled=true
ForecastReminderScheduleUtilBatch,enabled=false
ForecastReportExtensions_AC,enabled=false
ForecastUtils_AC,enabled=true
ForgotPasswordController,enabled=false
GLErrorController,enabled=true
GLErrorControllerTest,enabled=false
GSA_Manuals,enabled=false
GSA_Manuals_Test,enabled=false
GSSApprovalController,enabled=true
GSSApprovalControllerTest,enabled=false
GSSApprovalUploadController,enabled=true
GSSApprovalUploadControllerTest,enabled=false
GSSApprovalWrapper,enabled=true
GSSIndexTriggerHandler_AC,enabled=true
GSSValidationController,enabled=false
GSSValidationControllerTest,enabled=false
GSS_AccountTeamTriggerHandler_AC,enabled=true
GSS_Account_Notification,enabled=false
GSS_Split_Notification,enabled=false
GSS_Split_Report_controller,enabled=false
GSS_Split_Report_excel_controller,enabled=false
GenerateContentSlipController,enabled=false
GenerateContentSlipControllerTest,enabled=false
GenericHistoryComponentController,enabled=true
GenericHistoryControllerTester,enabled=false
GeoBounds,enabled=true
GeoBoundsTest,enabled=true
GeoPoint,enabled=true
GeoPointTest,enabled=true
GeocodeSearchNearbyDemoController,enabled=true
GeocodeSearchNearbyDemoControllerTest,enabled=true
GeocodeService,enabled=true
GeocodeServiceException,enabled=true
GeocodeServiceTest,enabled=true
GlobalHelper,enabled=false
GlobalVariable,enabled=true
GlobalVariableTest,enabled=true
GlobalVariableTestUtils,enabled=true
GlobalVariableTestUtilsTest,enabled=true
Global_Split_Credit_Report,enabled=false
GoalLetterAuthenticationController,enabled=true
GoalLetterAuthenticationControllerTest,enabled=false
GoalLetterDetailController,enabled=true
GoalLetterDetailControllerTest,enabled=true
GoalLetterListController,enabled=true
GoalLetterSearchController,enabled=true
GoalLetterSearchControllerTest,enabled=true
GoalLetterTriggerTest,enabled=false
GoalLetter_Test,enabled=false
GoalLtrUploadController,enabled=true
GoalLtrUploadControllerTest,enabled=false
GoogleChartsController,enabled=true
GoogleGeoService,enabled=true
GoogleGeoServiceException,enabled=true
GoogleGeoServiceTest,enabled=true
GssAccountNotificationTest,enabled=false
GssAccountUpdate,enabled=false
GssAccountUpdateTest,enabled=false
HW_Loaner_APregion_TestClass,enabled=false
HopscotchController,enabled=false
HostIdRefKeyAlertSchedular,enabled=false
HostIdRefKeyAlertSchedularTestClass,enabled=false
IGeocodeServiceAdapter,enabled=true
IP_Config_Content_Controller,enabled=true
IP_System_Config_Hierarchy_Controller,enabled=false
ImageFile,enabled=false
InLineVF_ProductGroup_Controller_AC,enabled=true
InLineVF_ProductSector_Controller_AC,enabled=true
InboundEmailHelper,enabled=false
Installed_Product_AC,enabled=false
Installed_Product_History_AC,enabled=false
IntegrationSOQL,enabled=true
IntegrationUtils_AC,enabled=false
IntelRundaReport_AC,enabled=false
IntelRundaReport_Test,enabled=false
Intel_Runda_30_Day_Email,enabled=false
Intel_Runda_30_Day_Email_Tst,enabled=false
IpConfigAddendumExtension,enabled=false
IpConfigAddendumExtensionTest,enabled=false
IssueTriggerHandler_AC,enabled=false
JIRAIssueController,enabled=false
KeyValuePair,enabled=false
KnowledgeArticlesCountBatch,enabled=false
LWRext,enabled=true
LWRext1,enabled=false
LWRext1_Test,enabled=false
LWRext_Test,enabled=false
LanguageCodeTranslation,enabled=false
LanguageCodeTranslationTest,enabled=false
LayoutIndexPageController,enabled=false
LegalCommitmentHelper,enabled=true
LegalCommitmentOpportunityHelper,enabled=true
LegalCommitmentTriggerHelper,enabled=false
LegalCommitment_test_class,enabled=false
LicenseTriggerHandler_AC,enabled=true
ListDA,enabled=false
ListDATest,enabled=false
LwrAutoAssignmentHelper_AC,enabled=false
MassAccTeamAssignController_AC,enabled=false
MassOpptyShareAssign_AC,enabled=false
MassReassignOpportunitiesController,enabled=false
MergeByPassOperations,enabled=false
Merge_AssistFlags_Controller,enabled=false
MigUtil,enabled=false
MigrateUserUtill_AC,enabled=false
MismatchPrimaryAccounts,enabled=false
MockHttpResponseGenerator,enabled=false
MockHttpResponseGenerator1,enabled=false
MonthlyNotificationsScheduler,enabled=false
MultipleAttachmentController,enabled=false
MultiselectController,enabled=false
MultiselectControllerTest,enabled=false
MyCommunityHeaderController,enabled=false
MyCustomTaskListController,enabled=false
MyProfileController2,enabled=false
MyProfilePageController,enabled=false
NDA_SearchController,enabled=false
NDA_Search_TestClass,enabled=false
NHM_Cleanup,enabled=false
NHM_Controller,enabled=false
NHM_Reminder,enabled=false
NHM_SearchManager,enabled=false
NHM_TicketController,enabled=false
NewAccountExtension_AC,enabled=false
NewAccountRecordTypeExtension_AC,enabled=true
NewArticleExtension_AC,enabled=false
NewArticleFromACRExtension_AC,enabled=false
NewBookingPackageMediateExtension_AC,enabled=true
NewCCRExtension_AC,enabled=false
NewCCRForCCMSExtension_AC,enabled=false
NewForecastIntermediateExtension_AC,enabled=true
NewMessageController,enabled=false
NewOpptyIntermediateExtension_AC,enabled=true
NewQueuedTaskExtension_AC,enabled=false
NewTCController,enabled=false
NewarticleProductFeaturesMultiSelect,enabled=false
NoteAttachRelatedListCtrl,enabled=false
NoteTriggerHandler_AC,enabled=false
NotificationPreferencesController,enabled=false
NotificationPreferencesModel,enabled=false
OMOtherProductController,enabled=false
OMOtherRejectRecallMail,enabled=false
ObjectPaginator,enabled=true
ObjectPaginatorListener,enabled=true
ObjectPaginatorListener1,enabled=true
Objectpaginator1,enabled=true
OmnitureUtil,enabled=false
OmnitureVariableController,enabled=false
OpportunityRevenueCalculation_AC,enabled=false
OpportunityRevenueCalculation_ACTest,enabled=false
OpportunityRevenueUpdateBatch,enabled=false
OpportunitySnapshotBatch,enabled=false
OpportunitySnapshotBatchScheduler,enabled=false
OpportunitySnapshotScheduleUtil,enabled=true
OpportunitySnapshotScheduler,enabled=true
OpportunityTriggerHandlerUtility_AC,enabled=true
OpportunityTriggerHandler_AC,enabled=true
OpportunityTriggerUtility2_AC,enabled=false
OpportunityTrigger_LegalCommitment_AC,enabled=true
OpptyCashRollingQuarter_AC,enabled=true
OpptyContentRecordController,enabled=true
OrderLicenseController,enabled=false
OtherProductInArticleController,enabled=false
PRMCssoCadenceCom,enabled=false
PRMCssoCadenceCom_Test,enabled=false
ParentAccountTeamPage_AC,enabled=false
ParentAccountTeam_related_gss_controller,enabled=false
PartsOrdeLineTriggerHandler_AC,enabled=false
PipelineForecastReportExtensions_AC,enabled=false
PreAccountMergeCloneController,enabled=false
PrePostMergeTaskController,enabled=false
PreferencesHelperClass,enabled=false
ProcessGSSIndexChangesBatch,enabled=false
ProdAttrFeatTriggerHandler_AC,enabled=false
ProdClsFeatTriggerHandler_AC,enabled=false
ProductAttributeTriggerHandler_AC,enabled=false
ProductClassTriggerHandler_AC,enabled=false
ProductDetailController,enabled=false
ProductFeatLevel1TriggerHandler_AC,enabled=false
ProductFeatVersionTriggerHandler_AC,enabled=false
ProductFeatureTriggerHandler_AC,enabled=false
ProductManualController,enabled=false
ProductPageController,enabled=false
ProductPriceTriggerHandler_AC,enabled=true
ProductSelectionController,enabled=false
ProductSupportAgentTriggerHandler_AC,enabled=false
ProductTriggerHandler_AC,enabled=false
ProductUtility_AC,enabled=false
ProjectAttachmentExtension_AC,enabled=false
QueuedTaskAcceptExtensions_AC,enabled=false
QueuedTaskTriggerHandler_AC,enabled=false
QueuedTaskUtils_AC,enabled=false
QuoteCloneExtension_AC,enabled=false
QuoteDiscountcalc,enabled=false
QuoteLineItem2_AC,enabled=false
QuoteLineItemTriggerHandler_AC,enabled=false
QuoteLineItemViewHelper_AC,enabled=false
QuoteLineItem_AC,enabled=false
QuoteLineItem_Edit_AC,enabled=false
QuoteLineItem_Edit_AC_Test,enabled=false
QuoteLineItemclone_AC,enabled=false
QuoteProposedDiscCalculator,enabled=false
QuoteRecordType_AC,enabled=false
QuoteRoyaltyCriteriaExtension_AC,enabled=false
QuoteTriggerHandler_AC,enabled=false
Quote_Edit_CTE,enabled=false
QuotesUtility,enabled=false
Quotes_New_CTE,enabled=false
RecursiveControlClass,enabled=false
RefKeysContactsExportdatacls,enabled=false
ReferenceKeyListController,enabled=false
ReferenceKeyListViewController,enabled=false
ReferenceKeyNewcls,enabled=false
ReferenceKeyeditcls,enabled=false
ReferencekeyDelete,enabled=false
ReferencekeyUtilityclass,enabled=false
Refrigeration_Process,enabled=false
Refrigeration_Process_Test,enabled=false
RelatedArticleNewExtension,enabled=false
RelatedArticleTriggerHandler_AC,enabled=false
ReleaseProductTriggerHandler_AC,enabled=false
RemedyforceImportCSVController_AC,enabled=false
RemovePermissionSetsController,enabled=false
RenMaintAccountLayout_AC,enabled=false
RenMaint_Account_AT_test,enabled=false
RenMaint_Discount_AC,enabled=false
RenMaint_Layout_AC,enabled=false
RenMaint_Layout_AC_Test,enabled=false
RenMaint_LineItem_FieldUpdates,enabled=false
RenMaint_System_AC,enabled=false
RenMaint_System_Layout_AC,enabled=false
RenOpptyCreationBatch,enabled=false
Ren_Global_Var,enabled=false
RenewScheduleExtension,enabled=true
ReportingLineVP,enabled=false
ReportingLineVPTest,enabled=false
RequestPaymentTermController,enabled=false
RestrictedEmployeeForm,enabled=false
RestrictedEmployeeFormTest,enabled=false
RevenueQuarterUpdateBatch,enabled=false
RevertContentArticleController,enabled=false
RevertContentArticleControllerTest,enabled=false
RundaHistoryClass,enabled=false
RundaNoteAttach_cls,enabled=false
RundaNoteAttach_clstst,enabled=false
RundaSigned,enabled=false
SFDCOktaAdminUserProfileUpdate,enabled=false
SFDCOktaAuth,enabled=false
SFDCOktaChangePwd,enabled=false
SFDCOktaChangeSecQA,enabled=false
SFDCOktaGenOTP,enabled=false
SFDCOktaNewUserCreate,enabled=false
SFDCOktaOperation,enabled=false
SFDCOktaUserAdminCreate,enabled=false
SFDCOktaUserCreateAndUpdate,enabled=false
SFDCOktaUserDetail,enabled=false
SFDCOktaUserProfileUpdate,enabled=false
SFDCOktaUserUpdate,enabled=false
SFDCTEST,enabled=false
SFRAttachmentController,enabled=true
SMConsoleForDeinstalledProductsCtrl,enabled=false
SNPSCadenceAuthEmpBeforeDelete_TestClass,enabled=false
SNPS_Access_End_Flow_Test,enabled=false
SNPS_End_Flow,enabled=true
SNPS_Refrigeration_Process,enabled=false
SRDetailController,enabled=false
SSGGroupController,enabled=false
ScheduleAEEmailNotificationTest,enabled=false
ScheduleAccountTeamFix,enabled=false
ScheduleAcctbatch,enabled=false
ScheduleContractorScheduleESign,enabled=false
ScheduleEmailController,enabled=false
ScheduleExtension,enabled=false
ScheduleGoalLetter,enabled=false
ScheduleLegalCommitmentOpportunityJUNC,enabled=true
ScheduleTriggerHandler,enabled=false
Schedule_AEAck_Letter_Email_Notification,enabled=false
Schedule_AccountTeamFix,enabled=false
Schedule_Apttus_Expiring_Notification,enabled=false
Schedule_Batch_Entitlement,enabled=false
Schedule_Datafix_BP_Attach,enabled=false
Schedule_ER_Agreement_Email_Notification,enabled=false
Schedule_GSS_Account_Notifcation,enabled=false
Schedule_GSS_Accountteam_report,enabled=false
Schedule_GSS_Split_Notifcation,enabled=false
Schedule_Goal_Letter_Email_Notification,enabled=false
Schedule_GssAccounts_Validation,enabled=false
Schedule_NDA_ARM_ESA_Removal,enabled=false
Schedule_NDA_ARM_ESA_RemovalTest,enabled=false
Schedule_NDA_Expiring_Notification,enabled=false
Schedule_OMOther_Reminder_Mail,enabled=false
Schedule_changeAccountOwner,enabled=false
Schedule_gss_split_postdelete,enabled=false
Schedule_gss_split_postinsert,enabled=false
ScheduledDeleteAErecords,enabled=false
ScheduledDeleteAErecordsTest,enabled=false
SchedulerTest,enabled=false
SchemaExtractController,enabled=true
SearchAccountsController2,enabled=true
SearchPreferencesController,enabled=false
SelectPrimaryPartnerExtension_AC,enabled=true
SendContactSurveyController,enabled=true
SendEmailOnSFRPendingApprovals,enabled=true
SendEmailPreProcessController,enabled=true
SendEmailPreProcessControllerTest,enabled=true
SendEmailSupport,enabled=true
SendFSREmailToOMExtension,enabled=false
SendMailForAcknowledgementController,enabled=false
SendMailForAcknowledgementControllerTest,enabled=false
SendMailOnCriticalArticleSchedulerClass,enabled=false
Send_GL_ForEsign_Controller,enabled=false
ServiceMaxCustomSFMEvents,enabled=false
ServicemaxFinanceReportTriggerHandler_AC,enabled=true
SetControllerClass,enabled=false
SetDefaultPageController,enabled=true
ShareHelper,enabled=true
SiteFileBrowser,enabled=false
SiteFileUploadController,enabled=false
SiteLoginController,enabled=false
SiteRegisterController,enabled=false
SkillInformationController,enabled=false
SortQuoteLineItem_AC,enabled=false
StaticFeedbackComponentController,enabled=false
StaticResourcePageController,enabled=false
StaticVariableCls,enabled=false
SubmitArticleExtension,enabled=false
SubmitSolutionInternalExtension_AC,enabled=false
SubmitSolution_AC,enabled=false
SubmitterInfoController,enabled=false
SupportLevelUpdateBatch,enabled=false
SupportNews,enabled=false
SurveyContentController,enabled=false
SurveyContentEmailServiceHandler,enabled=false
SurveyContentIPGController,enabled=true
SurveyInvitationController,enabled=false
SurveyQuestionnaireController,enabled=true
SurveySubmissionBatchJob,enabled=false
SurveySubmissionBatchJobSchedule,enabled=false
SurveySubmissionBatchJobSchedule_Test,enabled=false
SurveySubmissionCSSUpdateBatch,enabled=false
SurveySubmissionResponseHandler_AC,enabled=false
SurveySubmissionTriggerHandler_AC,enabled=false
TEST_APTPSNDA_CadenceEmployees,enabled=false
TEST_APTPS_NDA,enabled=false
TEST_APTPS_NDA_DocumentUpload,enabled=false
TIPEmailSender,enabled=false
TaskNewOverrideExtension_AC,enabled=false
TaskOwnerChangeExtension_AC,enabled=false
TaskTriggerHandler_AC,enabled=true
Tech_Engagement_TriggerHandler_AC,enabled=false
TechpubDocViewerController,enabled=false
TensilicaIPUtils,enabled=false
Termination,enabled=false
Termination_tst,enabled=false
TestAEAck_Letter_Email_Notification,enabled=false
TestAPTS_ReportDataCalculation,enabled=false
TestAccountCCPTrigger,enabled=true
TestAccountContentTabController,enabled=true
TestAccountDomainExtension_AC,enabled=false
TestAccountDomainTrigger,enabled=false
TestAccountGSSIdxChangeProcessController,enabled=false
TestAccountMergeAssist,enabled=false
TestAccountMergeLogController,enabled=false
TestAccountRecordTypeHelper_AC,enabled=false
TestAccountRepointBatchClasses,enabled=false
TestAccountSAP,enabled=true
TestAccountTeamBatchFixHandler,enabled=false
TestAccountTeamTrigger,enabled=true
TestAccountTrigger,enabled=false
TestAccountUpdateCustName,enabled=false
TestAddActivityHistoryTriggerHelper,enabled=false
TestAddProducts,enabled=false
TestApprovalCriteriaUtility,enabled=false
TestApprovalHierarchyTrigger,enabled=true
TestAptsProductManulaselection,enabled=false
TestArticleAttachmentExtension_AC,enabled=false
TestArticleAttachmentPortalController,enabled=false
TestArticleFeedbackAdditionalInfoCtrl,enabled=false
TestArticleFeedbackCommentTrigger,enabled=false
TestArticleFeedbackPopupController,enabled=false
TestArticleFeedbackTrigger,enabled=false
TestArticleIntegrationRecordBatch,enabled=false
TestArticleQueuedTaskScheduler,enabled=false
TestArticleTrigger_AT,enabled=false
TestArticleUtilClass,enabled=false
TestArticlesAdditionalDetailCtrl,enabled=false
TestArticlesProductController,enabled=false
TestAttachmentExtension_AC,enabled=false
TestAttachmentShareBatch,enabled=false
TestAttachmentTrigger_AT,enabled=false
TestAutoFollowCasesBatch,enabled=false
TestBilling_Plan_CTE,enabled=false
TestBookingPackageSignatories,enabled=false
TestBookingPackageTrigger,enabled=false
TestCCMS_CCRController_AC,enabled=false
TestCCRCreateURL,enabled=false
TestCCREditCCMSFieldsExtension_AC,enabled=false
TestCCRNotification,enabled=false
TestCCRTrigger_AT,enabled=false
TestCOSAgreementPageController,enabled=false
TestCOSAlertComponentController,enabled=false
TestCOSCCRLinkView,enabled=false
TestCOSCaseCreation,enabled=false
TestCOSCaseDetailController,enabled=false
TestCOSEntitlementBatchProcess,enabled=false
TestCOSFeedbackEmailComments,enabled=false
TestCOSHeaderController,enabled=false
TestCOSMyAlertController,enabled=false
TestCOSProjectDetailController,enabled=false
TestCOSRecentOrdersController,enabled=false
TestCOSViewControllerOnBehalfOfCustomer,enabled=false
TestCOSViewJIRAController,enabled=false
TestCadenceAccChangeValidationStatus,enabled=false
TestCadenceAccChangeValidationStatusSche,enabled=false
TestCadenceAccSetValidation,enabled=false
TestCadenceAccValidationEmailNotifier,enabled=false
TestCadenceAccValidationEmailNotifierSch,enabled=false
TestCadenceAcvalRequiredScreen,enabled=false
TestCadenceAdmChngValidStatusscheduler,enabled=false
TestCadenceAdmInactUsersWithScheduler,enabled=false
TestCadenceAdmSendErrorLogsMailScheduler,enabled=false
TestCadenceAdminAccValidationEmail,enabled=false
TestCadenceAdminAccValidationEmailSched,enabled=false
TestCadenceAdminApprovalRejectController,enabled=false
TestCadenceAdminBulkLoadcontroller,enabled=false
TestCadenceAdminChangeValidationStatus,enabled=false
TestCadenceAdminController,enabled=false
TestCadenceAdminController11,enabled=false
TestCadenceAdminCreateUser,enabled=false
TestCadenceAdminCreateUser1,enabled=false
TestCadenceAdminExceptionpagecontroller,enabled=false
TestCadenceAdminInactivateUser,enabled=false
TestCadenceAdminRoleUpdate,enabled=false
TestCadenceAdminSendErrorLogsInMailTo,enabled=false
TestCadenceAdminSyncInactiveUsersCOS,enabled=false
TestCadenceAdminSyncInactiveUsersWithCOS,enabled=false
TestCadenceAdminUserCreation,enabled=false
TestCadenceAdminUserValidationController,enabled=false
TestCadenceAppAdminProfileController,enabled=false
TestCadenceAppAdminProfileController1,enabled=false
TestCadenceAppAdminProfileclassHelper,enabled=false
TestCadenceAppAdminProfileclassHelper1,enabled=false
TestCadenceAppPWDSQAcontroller,enabled=false
TestCadenceAppProfileController,enabled=false
TestCadenceAppProfileControllerHelper,enabled=false
TestCadenceAppProfileControllerHelper1,enabled=false
TestCadenceAppRegControllerHelper,enabled=false
TestCadenceApplicationFGPWDController,enabled=false
TestCadenceApplicationRegController,enabled=false
TestCadenceApplicationRegController1,enabled=false
TestCadenceApplicationRegController2,enabled=false
TestCadenceApplicationRegController3,enabled=false
TestCadenceApplicationhostrefScreenCtrl,enabled=false
TestCadenceAssEntitlementController,enabled=false
TestCadenceChangeLoginBatchProcess,enabled=false
TestCadenceChangeLoginReminderEmail,enabled=false
TestCadenceChangeLoginReminderEmailschr,enabled=false
TestCadenceChangeLoginRequest,enabled=false
TestCadenceChangeLoginscheduler,enabled=false
TestCadenceCosLoginController,enabled=false
TestCadenceDMLlogServiceController,enabled=false
TestCadenceEmailTemplates,enabled=false
TestCadenceEmailValidation,enabled=false
TestCadenceForgotPassSQAScreenControl1,enabled=false
TestCadenceForgotPassSQAScreenController,enabled=false
TestCadenceLoginController,enabled=false
TestCadenceLoginController1,enabled=false
TestCadenceLoginController2,enabled=false
TestCadenceLoginController3,enabled=false
TestCadenceLoginHostidRefkeyController,enabled=false
TestCadenceMyProfileController,enabled=false
TestCadenceMyProfileController1,enabled=false
TestCadenceRedirectController,enabled=false
TestCadenceRegCompletionController,enabled=false
TestCadenceRegRequiredController,enabled=false
TestCadenceRestCallOutHandler,enabled=false
TestCadenceRestCalloutUtil,enabled=false
TestCadenceUserValidationscheduler,enabled=false
TestCadenceUserValidationscheduler1,enabled=false
TestCadenceUtilityClass,enabled=false
TestCadenceWikiDomainController,enabled=false
TestCaseAssignment,enabled=false
TestCaseAssignment2,enabled=false
TestCaseAssignmentEngine_AC,enabled=false
TestCaseAutoStateTransitionScheduler,enabled=false
TestCaseCCRNotification,enabled=false
TestCaseCommentExtension_AC,enabled=false
TestCaseCommentTriggerHandler,enabled=false
TestCaseDelayBatchable_AC,enabled=false
TestCaseDelaySchedulable_AC,enabled=false
TestCaseEditPageController,enabled=false
TestCaseEmailPublisher_AC,enabled=false
TestCaseGenerateFileController,enabled=false
TestCaseMassAddCSV_AC,enabled=false
TestCaseMassFieldsUpdate_AC,enabled=false
TestCaseMassUpdate_AC,enabled=false
TestCaseProductEditController,enabled=false
TestCaseProductEditExtension,enabled=false
TestCaseReassignGCCAllegroSchedular,enabled=false
TestCaseReassignNoOwnerBatchable_AC,enabled=false
TestCaseReassignNoOwnerSchedulable_AC,enabled=false
TestCaseSendEmailService_AC,enabled=false
TestCaseSubscriptionBatch,enabled=false
TestCaseSubscriptionCCEmailsBatch,enabled=false
TestCaseSubscriptionTriggerHandler_AC,enabled=false
TestCaseTrigger1_AT,enabled=false
TestCaseTriggerHandler,enabled=false
TestCaseTrigger_AT,enabled=false
TestCaseUtil,enabled=false
TestCase_SendEmail_Controller,enabled=false
TestCdnInboundContact,enabled=true
TestChangeOppOwnerExt_AC,enabled=false
TestChatbotEmailToChatter,enabled=false
TestCheckUserAgent,enabled=false
TestCheckUserAgent1,enabled=false
TestClassFiler_AC,enabled=false
TestClassRenMaintAccountLayout,enabled=false
TestClassRenMaintSystemLayout,enabled=false
TestClassRenMaint_Layout_AC,enabled=false
TestClassTestContext,enabled=false
TestCloseChildCasesTrigger,enabled=false
TestCollabrationGroupMemberController,enabled=false
TestCommunitySearchCls,enabled=false
TestComponentCCMSFieldEditController,enabled=false
TestComponentLevelTracking,enabled=false
TestComponentProductEditController,enabled=false
TestComponentProductEditControllerForCS,enabled=false
TestConsultantTriggerHandler,enabled=false
TestContactListController,enabled=false
TestContactRelatedEntitlementList_AC,enabled=false
TestContactTrigger_AT,enabled=false
TestContentAccessListExtension,enabled=false
TestContentAccessListSubPageController,enabled=false
TestContentDocumentLink,enabled=false
TestContentDocumentTrigger,enabled=true
TestContentNotification,enabled=false
TestContentRecordController,enabled=true
TestContentUtils_AC,enabled=false
TestContentVersionTrigger,enabled=true
TestContentfeedbackComponentController,enabled=false
TestContext,enabled=false
TestCosArticleDetailPageController,enabled=false
TestCosCaseUtility,enabled=false
TestCosExtSearchServiceController,enabled=false
TestCosFeedbackDetailPageController,enabled=false
TestCosViewRequestController,enabled=false
TestCreateAccountSiteBatch,enabled=false
TestCreateLegalCommitmentController,enabled=false
TestCustomAD_VPForecstExtension_AC,enabled=true
TestCustomAccountMerge,enabled=false
TestCustomAgreementLookupController,enabled=false
TestCustomAgreementNumbersLookupControl,enabled=false
TestCustomAttachmentTrigger_AT,enabled=false
TestCustomCaseQuickSearchController_AC,enabled=false
TestCustomContactLookupController,enabled=false
TestCustomCurrencyLookupController,enabled=false
TestCustomExcept,enabled=false
TestCustomForecastExtension_AC,enabled=false
TestCustomForecast_VP,enabled=true
TestCustomLookupListExtension,enabled=false
TestCustomQuoteOwnerLookupController,enabled=false
TestCustomReferenceKeyLookupController,enabled=false
TestCustomSFOForecast_VP,enabled=true
TestCustomWSFOForecast_VP,enabled=true
TestDataFixTeamBatch,enabled=false
TestDatabaseUtility,enabled=false
TestDeleteAccountSitesBatch,enabled=false
TestDeleteBatchIntegrationLog,enabled=true
TestDeleteChildEntitlementContactBatch,enabled=false
TestDeleteDuplicateForecastBatch,enabled=false
TestDelete_TestDeleteCaseController_AC,enabled=false
TestDetailForecastIntermediate_VP,enabled=false
TestDisableDBEContactScheduler,enabled=false
TestDisableFeedCommentDeletes_AT,enabled=false
TestDisplayArticleNewExtensionController,enabled=false
TestDocumentViewHelper,enabled=false
TestDocumentViewerController,enabled=false
TestE2E_Acc_Group_SetupController,enabled=false
TestEDACardTrigger,enabled=false
TestEOTIndexExceptionController,enabled=false
TestEditLegalCommitmentController,enabled=false
TestEmailMessageTrigger_AT,enabled=false
TestEmailNotificationCtrl,enabled=false
TestEmailPopUpCtrl,enabled=false
TestEmailRelatedList_Controller_AC,enabled=false
TestEmailSender,enabled=false
TestEmailToLogAlert,enabled=false
TestEmailTriggerHandler_AC,enabled=false
TestEmailmessageTriggerHelper,enabled=false
TestEntitlementContactTriggerHandler_AC,enabled=false
TestEntitlementProdFeatController_AC,enabled=false
TestEntitlementProdFeatDetailsExtensions,enabled=false
TestEntitlementTrigger_AT,enabled=false
TestExceptionEdaOTIndex_AC,enabled=false
TestExceptions,enabled=false
TestExportData_AC,enabled=false
TestExternalIdBatch,enabled=false
TestFastTrackApprovalController,enabled=false
TestFeedCommentTrigger_AT,enabled=false
TestFeedItemTrigger_AT,enabled=false
TestFeedbackCommentExtension,enabled=false
TestFindAuthorsAndReviewerEmails,enabled=false
TestFindRecordController,enabled=false
TestFollowCaseUtility,enabled=false
TestFollowingLimitTaskBatch,enabled=false
TestForecastAccountList_AC,enabled=false
TestForecastHieTriggerHandler_AC,enabled=false
TestForecastReminderScheduleAsiaPacific,enabled=true
TestForecastReminderScheduleEMEA,enabled=true
TestForecastReminderScheduleIndia,enabled=true
TestForecastReminderScheduleJapan,enabled=true
TestForecastReminderScheduleNA,enabled=true
TestForecastReportExtensions_AC,enabled=false
TestForecastUtils,enabled=false
TestGlobalHelper,enabled=false
TestGoogleChartsController,enabled=false
TestGroupsTrigger,enabled=false
TestHomePageController,enabled=false
TestHopscotchController,enabled=false
TestInLineVF_ProductGroup_Controller_AC,enabled=false
TestInLineVF_ProductSector_Controller_AC,enabled=false
TestInstalled_Product_AC,enabled=false
TestIntegrationUtils_AC,enabled=false
TestJIRAIssueController,enabled=false
TestJIRAIssueControllerWithFID,enabled=false
TestKnowledgeArticlesCountBatch,enabled=false
TestLayoutIndexPageController,enabled=false
TestLegalCommitmentHelper,enabled=false
TestLegalCommitmentOpportunityHelper,enabled=false
TestLicenseTrigger_AT,enabled=false
TestMassAccTeamAssignController_AC,enabled=false
TestMassOpptyShareAssign_AC,enabled=false
TestMigUtil,enabled=false
TestMigrateUserUtill_AC,enabled=false
TestMismatchPrimaryAccount,enabled=false
TestMulti_select_productClass,enabled=false
TestMultipleAttachmentController,enabled=false
TestMyCustomTaskListController,enabled=false
TestNewAccountRecordType_VP,enabled=true
TestNewAccount_VP,enabled=true
TestNewArticleExtension_AC,enabled=false
TestNewArticleFromACRExtension,enabled=false
TestNewArticlePodFeatureMultiSelect,enabled=false
TestNewBookingPackageMediateExtension_AC,enabled=true
TestNewCCRExtension_AC,enabled=false
TestNewCCRForCCMSExtension_AC,enabled=false
TestNewForecastIntermediate_VP,enabled=false
TestNewMessageController,enabled=false
TestNewOpptyIntermediate,enabled=true
TestNewQueuedTaskExtension,enabled=false
TestNewTCController,enabled=false
TestNoteAttachRelatedListCtrl,enabled=false
TestNoteTriggerHandler_AC,enabled=false
TestNotificationPreferencesController,enabled=false
TestOMOtherTrigger,enabled=false
TestObjectPaginator,enabled=false
TestOmnitureUtil,enabled=false
TestOmnitureVariableController,enabled=false
TestOpportunityRevenueCalculation_AC,enabled=false
TestOpportunityRevenueUpdateBatch,enabled=false
TestOpportunitySnapshotBatch,enabled=false
TestOpportunitySnapshotScheduler,enabled=false
TestOpportunitySnapshotTrigger,enabled=false
TestOpportunityTrigger_AT,enabled=false
TestOpptyCashRollingQuarter_AC,enabled=false
TestOpptyContentRecordController,enabled=true
TestOrderLicenseController,enabled=false
TestOtherProductInArticleController,enabled=false
TestParentAccountTeamPage,enabled=true
TestPipelineForecastReport_VP,enabled=false
TestPreAccountMergeClone,enabled=false
TestPrePostMerge,enabled=false
TestProdAttrFeatTrigger_AT,enabled=false
TestProdClsFeatTrigger_AT,enabled=false
TestProductAttributeTrigger_AT,enabled=false
TestProductDetailController,enabled=false
TestProductManualController,enabled=false
TestProductPageController,enabled=false
TestProductPageNew,enabled=false
TestProductPriceTrigger_AT,enabled=true
TestProductSectorConfiguration,enabled=false
TestProductSelectionController,enabled=false
TestProvisionUser,enabled=false
TestQueuedTaskAcceptExtensions,enabled=false
TestQueuedTaskTrigger_AT,enabled=false
TestQuoteCloneExtension_AC,enabled=false
TestQuoteLineItem2_AC,enabled=false
TestQuoteLineItemClone_AC,enabled=false
TestQuoteLineItemTrigger_AT,enabled=false
TestQuoteRecordType_AC,enabled=false
TestQuoteRoyaltyCriteriaExtension_AC,enabled=false
TestQuoteTrigger_AT,enabled=false
TestQuotes_New_Edit_CTE,enabled=false
TestReferenceKeyListViewController,enabled=false
TestReferenceKeydelete,enabled=false
TestReferenceKeyeditnewcls,enabled=false
TestReferencekeyUtilityclass,enabled=false
TestRelatedArticleNewExtension,enabled=false
TestRelatedArticleTrigger,enabled=false
TestReleaseProductTriggerHandler,enabled=false
TestRemedyforceImportCSVController_AC,enabled=false
TestRenMaintAccountLayout_AC,enabled=false
TestRenMaintDiscount,enabled=false
TestRenMaintFldUpdates,enabled=false
TestRenMaintSystem,enabled=false
TestRenMaint_Layout_AC,enabled=false
TestRenOpptyCreationBatch,enabled=false
TestRenewScheduleExtension,enabled=false
TestRequestPaymentTermController,enabled=false
TestRevenueQuarterUpdateBatch,enabled=false
TestSFDCOktaAdminUserProfileUpdate,enabled=false
TestSFDCOktaAuth,enabled=false
TestSFDCOktaChangePwd,enabled=false
TestSFDCOktaGenOtp,enabled=false
TestSFDCOktaNewUserCreate,enabled=false
TestSFDCOktaNewUserCreate1,enabled=false
TestSFDCOktaNewUserCreate2,enabled=false
TestSFDCOktaOperation,enabled=false
TestSFDCOktaOperation1,enabled=false
TestSFDCOktaOperation2,enabled=false
TestSFDCOktaOperation3,enabled=false
TestSFDCOktaUserAdminCreate,enabled=false
TestSFDCOktaUserAdminCreate1,enabled=false
TestSFDCOktaUserAdminCreate2,enabled=false
TestSFDCOktaUserCreateAndUpdate,enabled=false
TestSFDCOktaUserProfileUpdate,enabled=false
TestSFDCOktaUserProfileUpdate3,enabled=false
TestSFDCOktaUserUpdate,enabled=false
TestSFDCOktaUserUpdate1,enabled=false
TestSFDCOktaUserUpdate2,enabled=false
TestSFDCOktaUserUpdateHelper,enabled=false
TestSFDCTEST,enabled=false
TestSMConsoleForDeinstalledProductsCtrl,enabled=false
TestSRDetailController,enabled=false
TestSSGCloseBatchClasses,enabled=false
TestScheduleAccountTeamFix,enabled=false
TestScheduleAcctbatch,enabled=false
TestScheduleContractorScheduleESign,enabled=false
TestScheduleEmailController,enabled=false
TestScheduleExtension,enabled=false
TestScheduleTriggerHandler,enabled=false
TestSchedule_Apttus_Exp_Notice,enabled=false
TestSchedule_changeAccountOwner,enabled=false
TestSearchAccountsController2,enabled=false
TestSearchPreferencesController,enabled=false
TestSelectPrimaryPartnerExtension,enabled=true
TestSendEmailOnSFRPendingApprovals,enabled=false
TestSendFSREmailToOMExtension,enabled=false
TestSendRMAEmails,enabled=false
TestSend_GL_ForEsign_Controller,enabled=false
TestServiceMaxCustomSFMEvents,enabled=false
TestServicemaxFinanceReportTrigger,enabled=false
TestSetControllerClass,enabled=false
TestSetDefaultPageController,enabled=false
TestShareHelper,enabled=true
TestSiebelComAsi,enabled=true
TestSiteFileBrowser,enabled=false
TestSiteFileUploadController,enabled=false
TestSkillInformationController,enabled=false
TestSortQuoteLineItem_AC,enabled=false
TestStaticFeedbackComponentController,enabled=false
TestStaticResourcePageController,enabled=false
TestStaticVariableCls,enabled=false
TestSubmitArticleExtension,enabled=false
TestSubmitSolution_AC,enabled=false
TestSubmitterInfoController,enabled=false
TestSupportLevelUpdateBatch,enabled=false
TestSupportLoginController,enabled=false
TestSupportNews,enabled=false
TestSurveyContentController,enabled=false
TestSurveyContentEmailServiceHandler,enabled=false
TestSurveyContentIPGController,enabled=false
TestSurveyInvitationController,enabled=false
TestSurveySubmissionCSSUpdateBatch,enabled=false
TestSurveySubmissionResponseTrigger_AT,enabled=false
TestSurveySubmissionTriggerHandler_AC,enabled=false
TestSurveys,enabled=false
TestTIPEmailSender,enabled=false
TestTaskNewOverrideExtension,enabled=false
TestTaskOwnerChangeExtension_AC,enabled=false
TestTaskTrigger,enabled=true
TestTechnicalEngagementTrigger,enabled=false
TestTechpubDocViewerController,enabled=false
TestUnlinkCCR_AC,enabled=false
TestUpdateLockedBookingPackage_AC,enabled=false
TestUpsertAccountSiteBatch,enabled=false
TestUrlRewriterClass,enabled=false
TestUrlRewriterCosExt,enabled=false
TestUserAvailabiltyController,enabled=false
TestUserRegistrationSSO_AC,enabled=false
TestUserTriggerHandler,enabled=false
TestUserTriggerHandler_AC,enabled=false
TestUtility_global_var,enabled=false
TestUtils,enabled=true
TestUtils1,enabled=false
TestUtils2,enabled=false
TestUtils2TestCoverage,enabled=false
TestValidateURLController,enabled=false
TestWorkDetailTrigger,enabled=false
TestWorkDetail_AC,enabled=false
TestWorkOrderTrigger_AC,enabled=false
Test_AccTeamDelete,enabled=false
Test_Apttus_AccountManagement,enabled=false
Test_Apttus_Expiring_Notification,enabled=false
Test_BMCRF_Auto_Schedule_CR_Scheduler,enabled=false
Test_BMCRF_CR_ScheduleNotification,enabled=false
Test_BMCRF_Change_Request_Validation,enabled=false
Test_BMCRF_Class_GLOBAL_CONSTANTS,enabled=false
Test_BMCRF_Class_KnowledgeArticles,enabled=false
Test_BMCRF_Class_KnowledgeArticlesDetail,enabled=false
Test_BMCRF_Class_ListTickets,enabled=false
Test_BMCRF_Class_MOT,enabled=false
Test_BMCRF_Class_PendingSurveyList,enabled=false
Test_BMCRF_Class_SubmitATicket,enabled=false
Test_BMCRF_Class_ViewTickets,enabled=false
Test_BMCRF_CreateIncidentEmail,enabled=false
Test_BMCRF_FIN_Class_KnowledgeArticles,enabled=false
Test_BMCRF_FIN_Class_ListTickets,enabled=false
Test_BMCRF_FIN_Class_MOT,enabled=false
Test_BMCRF_FIN_Class_SubmitATicket,enabled=false
Test_BMCRF_FIN_Class_ViewTickets,enabled=false
Test_BMCRF_FIN_Cls_KnowledgeArticlesDetl,enabled=false
Test_BMCRF_FormatDateTime,enabled=false
Test_BMCRF_HD_Ticket_AllOperations,enabled=false
Test_BMCRF_HR_Class_KnowledgeArticles,enabled=false
Test_BMCRF_HR_Class_ListTickets,enabled=false
Test_BMCRF_HR_Class_MOT,enabled=false
Test_BMCRF_HR_Class_SubmitATicket,enabled=false
Test_BMCRF_HR_Class_ViewTickets,enabled=false
Test_BMCRF_HR_Cls_KnowledgeArticlesDetl,enabled=false
Test_BMCRF_IncidentAutoClose,enabled=false
Test_BMCRF_IncidentAutoClose2,enabled=false
Test_BMCRF_IncidentSLABreachNotification,enabled=false
Test_BMCRF_Incident_Update,enabled=false
Test_BMCRF_MasterTicketClose,enabled=false
Test_BMCRF_NotifyPendingApprover,enabled=false
Test_BMCRF_OutOfOffice_Notification,enabled=false
Test_BMCRF_PopulateAvayaIntegration,enabled=false
Test_BMCRF_ProblemUpdate,enabled=false
Test_BMCRF_SRD_Popup,enabled=false
Test_BMCRF_ScheduledDeleteAssets,enabled=false
Test_BMCRF_Survey,enabled=false
Test_BMCRF_TemplateUpdate,enabled=false
Test_Batch_Entitlement,enabled=false
Test_CDSInfo,enabled=false
Test_CaseEmailPublisherHelper_AC,enabled=false
Test_CaseSubscriptionEditExtension,enabled=false
Test_CheckBaseagstMaint_QuoteLineItem_AT,enabled=false
Test_DisableChatterDeleteVIP_AC,enabled=false
Test_FileUploader,enabled=false
Test_Gss_discrepancy,enabled=false
Test_LwrAutoAssignmentHelper,enabled=false
Test_NHM_Cleanup,enabled=false
Test_NHM_Controller,enabled=false
Test_NHM_Reminder,enabled=false
Test_NHM_SearchManager,enabled=false
Test_NHM_TicketController,enabled=false
Test_ProjectTriggerHandler,enabled=false
Test_QuoteCloneExtension_AC,enabled=false
Test_QuoteLineItemViewHelper,enabled=false
Test_RecursiveControlClass,enabled=false
Test_Reset_Merge,enabled=false
Test_RundaHistory,enabled=false
Test_RundaSigned,enabled=false
Test_SVMXCServiceOrder,enabled=false
Test_Schedule_NDA_Expiring_Notification,enabled=false
Test_Schedule_OMOther_Reminder_Mail,enabled=false
Test_Software,enabled=false
Test_UpdateCaseDescription_Email_Batch,enabled=false
Test_account_team_discrepancy_delete,enabled=false
Test_clone_button_controller,enabled=false
Test_createIPConfigcontroller,enabled=false
Test_trg_UpdateSequenceonQuoteLineItem,enabled=false
TestaddToFavoritePopupController,enabled=false
TestbookingPackageContentTab_AC,enabled=true
TestccrNotificationScheduler,enabled=false
TestcosMyFavoritesController,enabled=false
Testcrmwbmdv1CrmSfdcCcrCcmsOutboundWeb,enabled=false
Testcrmwbmdv1CrmSfdcQuotetoorderDealOut,enabled=false
TestdailyContentNotificationScheduler,enabled=false
TestgetAdditionalProduct,enabled=false
TestpdfGenerator,enabled=false
TestplatformPage,enabled=false
TestproductGroupConfig_Controller_AC,enabled=false
TestproductGroupTriggerHandler_AC,enabled=false
TestproductPageHTMLContentClass,enabled=false
TestwebserviceCssoCadenceCom,enabled=false
UnlinkCCR_AC,enabled=false
UpdateCaseDescriptionBatchJob,enabled=false
UpdateCaseForAccountRepointBatchable_AC,enabled=false
UpdateContactForAccRepointBatchable_AC,enabled=false
UpdateContactForAccRepointBatchabletest,enabled=false
UpdateEmailVisiblityBatchJob,enabled=false
UpdateLockedBookingPackage_AC,enabled=false
UpdateQueuedTaskSubmitterInfoBatch,enabled=false
UpdateSObjectBatchable,enabled=false
UpdateTaskSubmitterInfoBatch,enabled=false
UpsertAccountSiteBatch,enabled=true
UrlRewriterClass,enabled=false
UrlRewriterCosExt,enabled=false
UserAvailabiltyController,enabled=false
UserIntegrationTest,enabled=true
UserRegistrationSSO_AC,enabled=false
UserTriggerHandler,enabled=false
UserTriggerHandlerBatch,enabled=false
UserTriggerHandler_AC,enabled=true
UserUpdateBatch,enabled=false
Utility_global_var,enabled=false
Utils,enabled=false
ValidateURLController,enabled=false
WebServiceMockImpl,enabled=false
WeeklyNotificationsScheduler,enabled=false
Weekly_Buisness_Status_controller,enabled=false
WorkDetailInfo_AC,enabled=false
WorkOrderTrigger_AC,enabled=false
WrapperClass,enabled=false
account_team_discrepancy_delete,enabled=false
achievement_Report_Controller,enabled=false
addToFavoritePopupController,enabled=false
bookingPackageContentTab_Controller_AC,enabled=true
caseEditPageController,enabled=false
case_TimeLine_controller,enabled=false
ccrNotificationScheduler,enabled=false
cdnInboundContact,enabled=true
clone_button_controller,enabled=false
cosCaseUtility,enabled=false
cosCaseUtilityWithSharing,enabled=false
cosCaseUtilityWithSharingTest,enabled=false
cosMyFavoritesController,enabled=false
cosSearchController,enabled=false
createIPConfigcontroller,enabled=false
crmwbmdv1CrmSfdcCcrCcmsCreateOutboundWeb,enabled=false
crmwbmdv1CrmSfdcCcrCcmsOutboundTest,enabled=false
crmwbmdv1CrmSfdcCcrCcmsOutboundUpdateWeb,enabled=false
crmwbmdv1CrmSfdcCcrCcmsOutboundWeb,enabled=false
crmwbmdv1CrmSfdcCcrCcmsOutboundWeb1,enabled=false
crmwbmdv1CrmSfdcCcrCcmsUpdateOutboundWeb,enabled=false
crmwbmdv1CrmSfdcQuotetoorderDealOut,enabled=false
crmwbmdv1CrmSfdcQuotetoorderDealOut_Test,enabled=false
custom_flag_mergeassist,enabled=false
dailyContentNotificationScheduler,enabled=false
emailAndNotesRelatedList_Controller,enabled=true
emailRelatedList_Controller_AC,enabled=false
exportData_99YearsCtrl,enabled=false
exportError,enabled=false
exportGSSError,enabled=true
exportValidationError,enabled=false
findAuthorsAndReviewerEmails,enabled=false
getAdditionalProduct,enabled=false
globalMethods,enabled=true
goalLetterReport,enabled=false
goalLetterReport_Test,enabled=false
gss_split_delete_batch,enabled=false
gss_split_insert_batch,enabled=false
homePageController,enabled=false
incrementalUpload,enabled=false
incrementalUploadTest,enabled=false
libraryUtility,enabled=false
listApprovalRequests,enabled=true
listApprovalRequests_Test,enabled=true
listHostID,enabled=true
listhostID_Test,enabled=true
multi_select_product,enabled=false
newProdNotificationScheduler,enabled=false
pdfGenerator,enabled=true
platformPage,enabled=false
productGroupConfig_Controller_AC,enabled=true
productGroupTriggerHandler_AC,enabled=true
productPageHTMLContentClass,enabled=false
productPageNew,enabled=false
productSectorConfig_Controller_AC,enabled=true
productSectorTriggerHandler_AC,enabled=true
projectTriggerHandler_AC,enabled=false
quoteLineItem_AC_Test,enabled=false
quoteLineItem_AC_Test_NewOne,enabled=false
samplepdfcontroller,enabled=true
samplepdfcontrollerTest,enabled=false
scheduledCaseUpdate,enabled=false
selectcase,enabled=false
siebelComAsi,enabled=true
softwareUpdateNotificationScheduler,enabled=false
tagview,enabled=false
testAdvancedSupportGroupTrigger_AT,enabled=false
testCaseArticleController,enabled=false
testCaseClass,enabled=false
testCaseExpertChangeController,enabled=false
testCaseNotificationController,enabled=false
testCosSearchController,enabled=false
testEmailAndNotesController,enabled=false
testMyProfilePageController,enabled=false
testSFDCOktaChangeSecQA,enabled=false
testSSGGroupController,enabled=false
testSchedule_Datafix_BP_Attach,enabled=false
testSubmitSolutionInternalExtension_AC,enabled=false
testSurveySubmissionBatchJOb,enabled=false
testTensilicaIPUtils,enabled=false
test_CloneCLLAandTKR,enabled=false
test_FeedItemsToDelete,enabled=false
test_GSS_Split_Report_controller,enabled=false
test_InboundCaseEmailService,enabled=false
test_SendEmailSupport,enabled=false
test_achievement_Report_Controller,enabled=false
test_case_TimeLine,enabled=false
test_trg_CheckBaseProductAgainstMaint,enabled=false
testscheduledCaseUpdate,enabled=false
testselectcase,enabled=false
trg_CheckBaseProdAgainstMaint_Test,enabled=false
updatestatustriggertest,enabled=false
webserviceCssoCadenceCom,enabled=false
